TABLE TITLE,CHIFFRE DU CODE,NUMÉRO DE BIT,VALEUR,SIGNIFICATION,REMARQUES,UNITÉ,NUMÉRO de BIT
Table de code 4.3 – Type de processus de production,0,,,Analyse,,,
Table de code 4.3 – Type de processus de production,1,,,Initialisation,,,
Table de code 4.3 – Type de processus de production,2,,,Prévision,,,
Table de code 4.3 – Type de processus de production,3,,,Prévision corrigée,,,
Table de code 4.3 – Type de processus de production,4,,,Prévision d'ensemble,,,
Table de code 4.3 – Type de processus de production,5,,,Prévision de probabilité,,,
Table de code 4.3 – Type de processus de production,6,,,Erreur de prévision,,,
Table de code 4.3 – Type de processus de production,7,,,Erreur d'analyse,,,
Table de code 4.3 – Type de processus de production,8,,,Observation,,,
Table de code 4.3 – Type de processus de production,9,,,Climatologique,,,
Table de code 4.3 – Type de processus de production,10,,,Prévision pondérée par la probabilité,,,
Table de code 4.3 – Type de processus de production,11,,,Prévision d'ensemble corrigée,,,
Table de code 4.3 – Type de processus de production,12,,,Analyse post-traitée (voir la note),Les chiffres du code 12 et 13 sont à utiliser dans les cas où les résultats d'une analyse ou d'une prévision initiale ont reçu un post-traitement substantiel et que les chiffres du code 0 et 2 ne sont alors pas suffisamment précis.,,
Table de code 4.3 – Type de processus de production,13,,,Prévision post-traitée (voir la note),Les chiffres du code 12 et 13 sont à utiliser dans les cas où les résultats d'une analyse ou d'une prévision initiale ont reçu un post-traitement substantiel et que les chiffres du code 0 et 2 ne sont alors pas suffisamment précis.,,
Table de code 4.3 – Type de processus de production,14,,,Prévision immédiate,,,
Table de code 4.3 – Type de processus de production,15,,,Prévision a posteriori,,,
Table de code 4.3 – Type de processus de production,16,,,Extraction physique,,,
Table de code 4.3 – Type de processus de production,17,,,Analyse de régression,,,
Table de code 4.3 – Type de processus de production,18,,,Différence entre deux prévisions,,,
Table de code 4.3 – Type de processus de production,19-191,,,En réserve,,,
Table de code 4.3 – Type de processus de production,192-254,,,En réserve pour un usage local,,,
Table de code 4.3 – Type de processus de production,255,,,Valeur manquante,,,
Table de code 4.4 – Indicateur d'unité de l'intervalle de temps,0,,,Minute,,,
Table de code 4.4 – Indicateur d'unité de l'intervalle de temps,1,,,Heure,,,
Table de code 4.4 – Indicateur d'unité de l'intervalle de temps,2,,,Jour,,,
Table de code 4.4 – Indicateur d'unité de l'intervalle de temps,3,,,Mois,,,
Table de code 4.4 – Indicateur d'unité de l'intervalle de temps,4,,,Année,,,
Table de code 4.4 – Indicateur d'unité de l'intervalle de temps,5,,,Décennie (10 ans),,,
Table de code 4.4 – Indicateur d'unité de l'intervalle de temps,6,,,Normale (30 ans),,,
Table de code 4.4 – Indicateur d'unité de l'intervalle de temps,7,,,Siècle (100 ans),,,
Table de code 4.4 – Indicateur d'unité de l'intervalle de temps,8-9,,,En réserve,,,
Table de code 4.4 – Indicateur d'unité de l'intervalle de temps,10,,,3 heures,,,
Table de code 4.4 – Indicateur d'unité de l'intervalle de temps,11,,,6 heures,,,
Table de code 4.4 – Indicateur d'unité de l'intervalle de temps,12,,,12 heures,,,
Table de code 4.4 – Indicateur d'unité de l'intervalle de temps,13,,,Seconde,,,
Table de code 4.4 – Indicateur d'unité de l'intervalle de temps,14-191,,,En réserve,,,
Table de code 4.4 – Indicateur d'unité de l'intervalle de temps,192-254,,,En réserve pour un usage local,,,
Table de code 4.4 – Indicateur d'unité de l'intervalle de temps,255,,,Valeur manquante,,,
Table de code 4.5 – Type et unité des surfaces spécifiées,0,,,En réserve,,,
Table de code 4.5 – Type et unité des surfaces spécifiées,1,,,Surface (terre ou eau),,–,
Table de code 4.5 – Type et unité des surfaces spécifiées,2,,,Base des nuages (niveau),,–,
Table de code 4.5 – Type et unité des surfaces spécifiées,3,,,Sommet des nuages (niveau),,–,
Table de code 4.5 – Type et unité des surfaces spécifiées,4,,,Niveau isotherme 0 °C,,–,
Table de code 4.5 – Type et unité des surfaces spécifiées,5,,,Niveau de condensation adiabatique à partir de la surface,,–,
Table de code 4.5 – Type et unité des surfaces spécifiées,6,,,Niveau du vent maximal,,–,
Table de code 4.5 – Type et unité des surfaces spécifiées,7,,,Tropopause,,–,
Table de code 4.5 – Type et unité des surfaces spécifiées,8,,,Sommet nominal de l'atmosphère,,–,
Table de code 4.5 – Type et unité des surfaces spécifiées,9,,,Fond de la mer,,–,
Table de code 4.5 – Type et unité des surfaces spécifiées,10,,,Ensemble de l'atmosphère,,–,
Table de code 4.5 – Type et unité des surfaces spécifiées,11,,,Base de cumulonimbus (CB),,m,
Table de code 4.5 – Type et unité des surfaces spécifiées,12,,,Sommet de cumulonimbus (CB),,m,
Table de code 4.5 – Type et unité des surfaces spécifiées,13,,,Niveau le plus bas auquel la nébulosité intégrée verticalement dépasse le pourcentage spécifié (base des nuages pour une nébulosité donnée),,%,
Table de code 4.5 – Type et unité des surfaces spécifiées,14,,,Niveau de convection libre (NCL),,–,
Table de code 4.5 – Type et unité des surfaces spécifiées,15,,,Niveau de condensation par convection (NCC),,–,
Table de code 4.5 – Type et unité des surfaces spécifiées,16,,,Niveau de flottabilité neutre ou niveau d'équilibre (LNB),,–,
Table de code 4.5 – Type et unité des surfaces spécifiées,17-19,,,En réserve,,,
Table de code 4.5 – Type et unité des surfaces spécifiées,20,,,Niveau isotherme,,K,
Table de code 4.5 – Type et unité des surfaces spécifiées,21,,,Niveau le plus bas où la masse volumique dépasse la valeur spécifiée (base pour un seuil donné de masse volumique),,kg m-3,
Table de code 4.5 – Type et unité des surfaces spécifiées,22,,,Niveau le plus élevé où la masse volumique dépasse la valeur spécifiée (sommet pour un seuil donné de masse volumique),,kg m-3,
Table de code 4.5 – Type et unité des surfaces spécifiées,23,,,Niveau le plus bas où la concentration dans l'air dépasse la valeur spécifiée (base pour un seuil donné de concentration dans l'air),,Bq m-3,
Table de code 4.5 – Type et unité des surfaces spécifiées,24,,,Niveau le plus élevé où la concentration dans l'air dépasse la valeur spécifiée (sommet pour un seuil donné de concentration dans l'air),,Bq m-3,
Table de code 4.5 – Type et unité des surfaces spécifiées,25,,,Niveau le plus élevé où la réflectivité radar est supérieure à la valeur indiquée (sommet de l'écho pour un seuil donné de réflectivité),,dBZ,
Table de code 4.5 – Type et unité des surfaces spécifiées,26-99,,,En réserve,,,
Table de code 4.5 – Type et unité des surfaces spécifiées,100,,,Surface isobare,,Pa,
Table de code 4.5 – Type et unité des surfaces spécifiées,101,,,Niveau moyen de la mer,,–,
Table de code 4.5 – Type et unité des surfaces spécifiées,102,,,Altitude spécifiée (au-dessus du niveau moyen de la mer),,m,
Table de code 4.5 – Type et unité des surfaces spécifiées,103,,,Hauteur spécifiée (au-dessus du sol),,m,
Table de code 4.5 – Type et unité des surfaces spécifiées,104,,,Niveau sigma,,"Valeur ""sigma""",
Table de code 4.5 – Type et unité des surfaces spécifiées,105,,,Niveau hybride,,–,
Table de code 4.5 – Type et unité des surfaces spécifiées,106,,,Profondeur sous la surface terrestre,,m,
Table de code 4.5 – Type et unité des surfaces spécifiées,107,,,Niveau isentropique (thêta),,K,
Table de code 4.5 – Type et unité des surfaces spécifiées,108,,,Niveau défini par la différence de pression avec la pression au sol,,Pa,
Table de code 4.5 – Type et unité des surfaces spécifiées,109,,,Surface du tourbillon potentiel,,K m² kg-1 s-1,
Table de code 4.5 – Type et unité des surfaces spécifiées,110,,,En réserve,,–,
Table de code 4.5 – Type et unité des surfaces spécifiées,111,,,Niveau ETA,Le système de coordonnées verticales ETA consiste à normaliser la pression à un point donné d'un niveau spécifique par la pression du niveau moyen de la mer à ce point.,–,
Table de code 4.5 – Type et unité des surfaces spécifiées,112,,,En réserve,,–,
Table de code 4.5 – Type et unité des surfaces spécifiées,113,,,Niveau hybride logarithmique,,–,
Table de code 4.5 – Type et unité des surfaces spécifiées,114,,,Enneigement,,Numérique,
Table de code 4.5 – Type et unité des surfaces spécifiées,115,,,Altitude sigma (voir la note 4),"Par altitude sigma on entend le niveau vertical du modèle qui correspond à la coordonnée suivant le terrain basée sur l'altitude (Gal-Chen et Somerville, 1975). Sa valeur est la suivante: (altitude du niveau – altitude du terrain) / (altitude du niveau supérieur – altitude du terrain), qui est ≥ 0 et ≤ 1.",–,
Table de code 4.5 – Type et unité des surfaces spécifiées,116,,,En réserve,,–,
Table de code 4.5 – Type et unité des surfaces spécifiées,117,,,Épaisseur de la couche de mélange,,m,
Table de code 4.5 – Type et unité des surfaces spécifiées,118,,,Hauteur hybride,"Le niveau de la hauteur formulé en coordonnées hybrides (chiffre de code 118) se définit comme suit: z(k) = A(k) + B(k) x orog (k = 1, ..., N niveaux; orog = orographie; z(k) = hauteur en mètres au niveau k)",–,
Table de code 4.5 – Type et unité des surfaces spécifiées,119,,,Niveau barique hybride,"Le niveau barique formulé en coordonnées hybrides, pour lequel il y a lieu d'utiliser le chiffre de code 119 et non plus 105, se définit comme suit: p(k) = A(k) + B(k) x sp (k = 1, ..., N niveaux; sp = pression en surface; p(k) = pression au niveau k)",–,
Table de code 4.5 – Type et unité des surfaces spécifiées,120-149,,,En réserve,,–,
Table de code 4.5 – Type et unité des surfaces spécifiées,150,,,Coordonnée généralisée de la hauteur verticale (voir la note 5),"Quand une coordonnée généralisée de la hauteur verticale est précisée, cela suppose que la Section 4 ne présente aucune valeur de coordonnée, mais qu'un message externe 3D-GRIB fournit en mètres la hauteur de chacun des points de grille du modèle (voir les notes s'appliquant à la Section 4 dans la partie ci-dessus intitulée Spécifications du contenu des octets); ce message GRIB contiendra le champ correspondant à: domaine de spécialisation = 0, catégorie = 3, paramètre = 6 (altitude).",–,
Table de code 4.5 – Type et unité des surfaces spécifiées,151,,,Niveau du sol (voir la note 6),"Le niveau du sol représente celui d'un modèle pour lequel la profondeur du sol n'est pas constante sur l'ensemble du domaine. La profondeur, en mètres, est fournie par un autre message GRIB à l'aide du paramètre «profondeur du sol» (domaine de spécialisation 2, catégorie 3, numéro de paramètre 27).",Numérique,
Table de code 4.5 – Type et unité des surfaces spécifiées,152-159,,,En réserve,,–,
Table de code 4.5 – Type et unité des surfaces spécifiées,160,,,Profondeur sous le niveau de la mer,,m,
Table de code 4.5 – Type et unité des surfaces spécifiées,161,,,Profondeur sous la surface de l'eau,,m,
Table de code 4.5 – Type et unité des surfaces spécifiées,162,,,Fond du lac ou du cours d'eau,,–,
Table de code 4.5 – Type et unité des surfaces spécifiées,163,,,Fond de la couche sédimentaire,,–,
Table de code 4.5 – Type et unité des surfaces spécifiées,164,,,Fond de la couche sédimentaire thermiquement active,,–,
Table de code 4.5 – Type et unité des surfaces spécifiées,165,,,Fond de la couche sédimentaire pénétrée par l'onde thermique,,–,
Table de code 4.5 – Type et unité des surfaces spécifiées,166,,,Couche de mélange,,–,
Table de code 4.5 – Type et unité des surfaces spécifiées,167,,,Partie inférieure de la rhizosphère,,–,
Table de code 4.5 – Type et unité des surfaces spécifiées,168,,,Niveau du modèle océanique,,Numérique,
Table de code 4.5 – Type et unité des surfaces spécifiées,169,,,Niveau océanique défini par l'écart de masse volumique de l'eau (sigma-theta) avec la proximité de la surface (voir la note 7),"Le niveau est défini par l'écart entre la proximité de la surface et le niveau s'agissant d'une propriété de l'eau. La proximité de la surface se situe généralement à 10 mètres de profondeur. La quantité physique utilisée pour calculer l'écart peut être la masse volumique de l'eau (σθ), pour le chiffre du code 169, ou la température potentielle de l'eau (θ), pour le chiffre du code 170.",kg m-3,
Table de code 4.5 – Type et unité des surfaces spécifiées,170,,,Niveau océanique défini par l'écart de température potentielle de l'eau (theta) avec la proximité de la surface (voir la note 7),"Le niveau est défini par l'écart entre la proximité de la surface et le niveau s'agissant d'une propriété de l'eau. La proximité de la surface se situe généralement à 10 mètres de profondeur. La quantité physique utilisée pour calculer l'écart peut être la masse volumique de l'eau (σθ), pour le chiffre du code 169, ou la température potentielle de l'eau (θ), pour le chiffre du code 170.",K,
Table de code 4.5 – Type et unité des surfaces spécifiées,171-173,,,En réserve,,–,
Table de code 4.5 – Type et unité des surfaces spécifiées,174,,,"Surface supérieure de la glace présente sur la mer, un lac ou un cours d'eau",,–,
Table de code 4.5 – Type et unité des surfaces spécifiées,175,,,"Surface supérieure de la glace, couverte de neige, présente sur la mer, un lac ou un cours d'eau",,–,
Table de code 4.5 – Type et unité des surfaces spécifiées,176,,,"Surface inférieure (face inférieure) de la glace présente sur la mer, un lac ou un cours d'eau",,–,
Table de code 4.5 – Type et unité des surfaces spécifiées,177,,,Sol profond (d'une profondeur indéterminée),,–,
Table de code 4.5 – Type et unité des surfaces spécifiées,178,,,En réserve,,–,
Table de code 4.5 – Type et unité des surfaces spécifiées,179,,,Surface supérieure de la glace de glacier ou d'inlandsis,,–,
Table de code 4.5 – Type et unité des surfaces spécifiées,180,,,Glace profonde d'inlandsis ou de glacier (d'une profondeur indéterminée),,–,
Table de code 4.5 – Type et unité des surfaces spécifiées,181,,,Fraction de dalle représentant une surface terrestre comme surface de modèle,,–,
Table de code 4.5 – Type et unité des surfaces spécifiées,182,,,Fraction de dalle représentant une surface d'eau comme surface de modèle,,–,
Table de code 4.5 – Type et unité des surfaces spécifiées,183,,,"Fraction de dalle représentant une surface de glace présente sur la mer, un lac ou un cours d'eau comme surface de modèle",,–,
Table de code 4.5 – Type et unité des surfaces spécifiées,184,,,Fraction de dalle représentant de la glace de glacier ou d'inlandsis comme surface de modèle,,–,
Table de code 4.5 – Type et unité des surfaces spécifiées,185-191,,,En réserve,,–,
Table de code 4.5 – Type et unité des surfaces spécifiées,192-254,,,En réserve pour un usage local,,–,
Table de code 4.5 – Type et unité des surfaces spécifiées,255,,,Valeur manquante,,–,
Table de code 4.6 – Type de la prévision d'ensemble,0,,,Prévision de contrôle à haute résolution sans «perturbation»,,,
Table de code 4.6 – Type de la prévision d'ensemble,1,,,Prévision de contrôle à basse résolution sans «perturbation»,,,
Table de code 4.6 – Type de la prévision d'ensemble,2,,,Prévision avec «perturbation» négative,,,
Table de code 4.6 – Type de la prévision d'ensemble,3,,,Prévision avec «perturbation» positive,,,
Table de code 4.6 – Type de la prévision d'ensemble,4,,,Prévision multimodèle,,,
Table de code 4.6 – Type de la prévision d'ensemble,5-191,,,En réserve,,,
Table de code 4.6 – Type de la prévision d'ensemble,192-254,,,En réserve pour un usage local,,,
Table de code 4.6 – Type de la prévision d'ensemble,255,,,Valeur manquante,,,
Table de code 4.7 – Prévision dérivée,0,,,Moyenne non pondérée de tous les membres,,,
Table de code 4.7 – Prévision dérivée,1,,,Moyenne pondérée de tous les membres,,,
Table de code 4.7 – Prévision dérivée,2,,,Écart type par rapport à la moyenne du groupe de membres,,,
Table de code 4.7 – Prévision dérivée,3,,,"Écart type par rapport à la moyenne du groupe de membres, normalisé",,,
Table de code 4.7 – Prévision dérivée,4,,,Dispersion de l'ensemble des membres,,,
Table de code 4.7 – Prévision dérivée,5,,,Indice de grande anomalie pour l'ensemble des membres (voir la note 1),"L'indice de grande anomalie se définit comme suit: {(nombre de membres dont l'anomalie est supérieure à 0,5 x SD) – (nombre de membres dont l'anomalie est inférieure à -0,5 x SD)} / (nombre de membres) à chaque point de grille, SD étant l'écart type climatologique observé.",,
Table de code 4.7 – Prévision dérivée,6,,,Moyenne non pondérée des membres du groupe,,,
Table de code 4.7 – Prévision dérivée,7,,,Amplitude interquartile (entre le 25e et le 75e quantiles),,,
Table de code 4.7 – Prévision dérivée,8,,,Minimum de tous les membres de l'ensemble (voir la note 2),"Le «minimum de tous les membres de l'ensemble» et le «maximum de tous les membres de l'ensemble» renvoient au groupe des membres de l'ensemble, et non à un intervalle de temps; ils ne doivent pas être confondus avec le maximum et le minimum décrits dans le modèle de définition du produit 4.8.",,
Table de code 4.7 – Prévision dérivée,9,,,Maximum de tous les membres de l'ensemble (voir la note 2),"Le «minimum de tous les membres de l'ensemble» et le «maximum de tous les membres de l'ensemble» renvoient au groupe des membres de l'ensemble, et non à un intervalle de temps; ils ne doivent pas être confondus avec le maximum et le minimum décrits dans le modèle de définition du produit 4.8.",,
Table de code 4.7 – Prévision dérivée,10-191,,,En réserve,,,
Table de code 4.7 – Prévision dérivée,192-254,,,En réserve pour un usage local,,,
Table de code 4.7 – Prévision dérivée,255,,,Valeur manquante,,,
Table de code 4.8 – Méthode de groupement,0,,,Corrélation d'anomalie,,,
Table de code 4.8 – Méthode de groupement,1,,,Moyenne quadratique,,,
Table de code 4.8 – Méthode de groupement,2-191,,,En réserve,,,
Table de code 4.8 – Méthode de groupement,192-254,,,En réserve pour un usage local,,,
Table de code 4.8 – Méthode de groupement,255,,,Valeur manquante,,,
Table de code 4.9 – Type de probabilité,0,,,Probabilité du phénomène inférieure à la limite inférieure,,,
Table de code 4.9 – Type de probabilité,1,,,Probabilité du phénomène supérieure à la limite supérieure,,,
Table de code 4.9 – Type de probabilité,2,,,Probabilité du phénomène entre les limites inférieure et supérieure,,,
Table de code 4.9 – Type de probabilité,3,,,Probabilité du phénomène supérieure à la limite inférieure,,,
Table de code 4.9 – Type de probabilité,4,,,Probabilité du phénomène inférieure à la limite supérieure,,,
Table de code 4.9 – Type de probabilité,5,,,Probabilité du phénomène égal à la limite inférieure,,,
Table de code 4.9 – Type de probabilité,6,,,Probabilité du phénomène dans la catégorie supérieure à la normale (voir les notes 1 et 2),"1) Supérieure à la normale, proche de la normale et inférieure à la normale se définissent comme les trois catégories équiprobables fondées sur la climatologie à chaque point de la zone géographique couverte par la grille. Le type et la méthodologie de la climatologie de référence ne sont pas précisés et doivent être documentés simultanément par le producteur de données. 2) Les modèles de définition du produit faisant appel à la table de code 4.9 peuvent contenir des octets pour stocker les valeurs des limites inférieure et supérieure. Lorsqu'on utilise une probabilité catégorique (au-dessous, à proximité ou au-dessus de la normale), ces octets sont tous mis à 1 (valeur manquante).",,
Table de code 4.9 – Type de probabilité,7,,,Probabilité du phénomène dans la catégorie proche de la normale (voir les notes 1 et 2),"1) Supérieure à la normale, proche de la normale et inférieure à la normale se définissent comme les trois catégories équiprobables fondées sur la climatologie à chaque point de la zone géographique couverte par la grille. Le type et la méthodologie de la climatologie de référence ne sont pas précisés et doivent être documentés simultanément par le producteur de données. 2) Les modèles de définition du produit faisant appel à la table de code 4.9 peuvent contenir des octets pour stocker les valeurs des limites inférieure et supérieure. Lorsqu'on utilise une probabilité catégorique (au-dessous, à proximité ou au-dessus de la normale), ces octets sont tous mis à 1 (valeur manquante).",,
Table de code 4.9 – Type de probabilité,8,,,Probabilité du phénomène dans la catégorie inférieure à la normale (voir les notes 1 et 2),"1) Supérieure à la normale, proche de la normale et inférieure à la normale se définissent comme les trois catégories équiprobables fondées sur la climatologie à chaque point de la zone géographique couverte par la grille. Le type et la méthodologie de la climatologie de référence ne sont pas précisés et doivent être documentés simultanément par le producteur de données. 2) Les modèles de définition du produit faisant appel à la table de code 4.9 peuvent contenir des octets pour stocker les valeurs des limites inférieure et supérieure. Lorsqu'on utilise une probabilité catégorique (au-dessous, à proximité ou au-dessus de la normale), ces octets sont tous mis à 1 (valeur manquante).",,
Table de code 4.9 – Type de probabilité,9-191,,,En réserve,,,
Table de code 4.9 – Type de probabilité,192-254,,,En réserve pour un usage local,,,
Table de code 4.9 – Type de probabilité,255,,,Valeur manquante,,,
Table de code 4.10 – Calcul statistique,0,,,Moyenne,,,
Table de code 4.10 – Calcul statistique,1,,,Total (voir la note 1),"La valeur initiale des données (Y dans la note 4 de la règle 92.9.4) s'exprime en unités de la table de code 4.2 par seconde, à moins qu'il n'en soit noté autrement dans la table de code 4.2.",,
Table de code 4.10 – Calcul statistique,2,,,Maximum,,,
Table de code 4.10 – Calcul statistique,3,,,Minimum,,,
Table de code 4.10 – Calcul statistique,4,,,Différence (entre la valeur à la fin de l'intervalle de temps et la valeur au début de cet intervalle),,,
Table de code 4.10 – Calcul statistique,5,,,Moyenne quadratique,,,
Table de code 4.10 – Calcul statistique,6,,,Écart type,,,
Table de code 4.10 – Calcul statistique,7,,,Covariance (variance temporelle) (voir la note 2),La valeur initiale des données s'exprime en unités carrées de la table de code 4.2.,,
Table de code 4.10 – Calcul statistique,8,,,Différence (entre la valeur au début de l'intervalle de temps et la valeur à la fin de cet intervalle),,,
Table de code 4.10 – Calcul statistique,9,,,Ratio (voir la note 3),La valeur initiale des données s'exprime sous forme numérique non dimensionnelle sans unité.,,
Table de code 4.10 – Calcul statistique,10,,,Anomalie normalisée,,,
Table de code 4.10 – Calcul statistique,11,,,Somme,,,
Table de code 4.10 – Calcul statistique,12-191,,,En réserve,,,
Table de code 4.10 – Calcul statistique,192-254,,,En réserve pour un usage local,,,
Table de code 4.10 – Calcul statistique,255,,,Valeur manquante,,,
Table de code 4.11 – Type d'intervalle de temps,0,,,En réserve,,,
Table de code 4.11 – Type d'intervalle de temps,1,,,Heures traitées successivement avec même heure de prévision et début de prévision incrémenté,,,
Table de code 4.11 – Type d'intervalle de temps,2,,,Heures traitées successivement avec même début de prévision et heure de prévision incrémentée,,,
Table de code 4.11 – Type d'intervalle de temps,3,,,Heures traitées successivement avec début de prévision incrémenté et heure de prévision décrémentée pour une période de validité constante,,,
Table de code 4.11 – Type d'intervalle de temps,4,,,Heures traitées successivement avec début de prévision décrémenté et heure de prévision incrémentée pour une période de validité constante,,,
Table de code 4.11 – Type d'intervalle de temps,5,,,Sous-intervalle de temps glissant entre l'heure de prévision et la fin de l'intervalle de temps complet*,"Le chiffre du code 5 s'applique au moment où un seul sous-intervalle de temps a été utilisé pour effectuer le calcul dans le domaine traité statistiquement. Les heures exactes de début et de fin du sous-intervalle ne sont pas données, mais l'on sait qu'elles sont comprises entre le début et la fin de l'intervalle de temps complet.",,
Table de code 4.11 – Type d'intervalle de temps,6-191,,,En réserve,,,
Table de code 4.11 – Type d'intervalle de temps,192-254,,,En réserve pour un usage local,,,
Table de code 4.11 – Type d'intervalle de temps,255,,,Valeur manquante,,,
Table de code 4.12 – Mode de fonctionnement,0,,,Mode maintenance,,,
Table de code 4.12 – Mode de fonctionnement,1,,,Ciel clair,,,
Table de code 4.12 – Mode de fonctionnement,2,,,Précipitation,,,
Table de code 4.12 – Mode de fonctionnement,3-191,,,En réserve,,,
Table de code 4.12 – Mode de fonctionnement,192-254,,,En réserve pour un usage local,,,
Table de code 4.12 – Mode de fonctionnement,255,,,Valeur manquante,,,
Table de code 4.13 – Indicateur de contrôle de qualité,0,,,Absence de contrôle de qualité,,,
Table de code 4.13 – Indicateur de contrôle de qualité,1,,,Contrôle de qualité appliqué,,,
Table de code 4.13 – Indicateur de contrôle de qualité,2-191,,,En réserve,,,
Table de code 4.13 – Indicateur de contrôle de qualité,192-254,,,En réserve pour un usage local,,,
Table de code 4.13 – Indicateur de contrôle de qualité,255,,,Valeur manquante,,,
Table de code 4.14 – Indicateur de filtre de fouillis,0,,,Absence de filtre de fouillis,,,
Table de code 4.14 – Indicateur de filtre de fouillis,1,,,Filtre de fouillis utilisé,,,
Table de code 4.14 – Indicateur de filtre de fouillis,2-191,,,En réserve,,,
Table de code 4.14 – Indicateur de filtre de fouillis,192-254,,,En réserve pour un usage local,,,
Table de code 4.14 – Indicateur de filtre de fouillis,255,,,Valeur manquante,,,
Table de code 4.15 – Type de traitement spatial utilisé pour obtenir une certaine valeur à partir des données de base,0,,,Les données sont calculées directement à partir de la grille source sans interpolation (voir la note 1),Cette méthode présuppose que chaque champ représente réellement les moyennes/maxima/minima où chaque case s'étend jusqu'à mi-chemin du point de grille voisin dans chaque direction pour représenter des moyennes/maxima/minima de valeurs de la grille source sans interpolation.,,
Table de code 4.15 – Type de traitement spatial utilisé pour obtenir une certaine valeur à partir des données de base,1,,,Interpolation bilinéaire utilisant les 4 valeurs aux points de grille de la grille source entourant le point de grille nominal,,,
Table de code 4.15 – Type de traitement spatial utilisé pour obtenir une certaine valeur à partir des données de base,2,,,Interpolation bicubique utilisant les 4 valeurs aux points de grille de la grille source entourant le point de grille nominal,,,
Table de code 4.15 – Type de traitement spatial utilisé pour obtenir une certaine valeur à partir des données de base,3,,,Utilisation de la valeur du point de grille de la grille source qui est le plus proche du point de grille nominal,,,
Table de code 4.15 – Type de traitement spatial utilisé pour obtenir une certaine valeur à partir des données de base,4,,,Interpolation du bilan utilisant les 4 valeurs aux points de grille de la grille source entourant le point de grille nominal (voir la note 2),"Par interpolation du bilan on entend une méthode d'interpolation d'ordre faible qui conserve quasiment les moyennes zonales. Cette méthode conviendrait pour l'interpolation des champs de bilan tels que les précipitations. Elle présuppose que le champ représente réellement les moyennes/maxima/minima où chaque case s'étend jusqu'à mi-chemin du point de grille voisin dans chaque direction. Elle consiste à moyenner des valeurs qui ont fait l'objet d'une interpolation bilinéaire, pour obtenir un ensemble carré de points distribués dans chaque case de la grille cible.",,
Table de code 4.15 – Type de traitement spatial utilisé pour obtenir une certaine valeur à partir des données de base,5,,,Interpolation spectrale utilisant les 4 valeurs aux points de grille de la grille source entourant le point de grille nominal,,,
Table de code 4.15 – Type de traitement spatial utilisé pour obtenir une certaine valeur à partir des données de base,6,,,"Interpolation du bilan au point de grille voisin, utilisant les 4 valeurs aux points de grille de la grille source entourant le point de grille nominal (voir la note 3)",Cette méthode consiste à interpoler le bilan au point de grille le plus proche du point de grille nominal.,,
Table de code 4.15 – Type de traitement spatial utilisé pour obtenir une certaine valeur à partir des données de base,7-191,,,En réserve,,,
Table de code 4.15 – Type de traitement spatial utilisé pour obtenir une certaine valeur à partir des données de base,192-254,,,En réserve pour un usage local,,,
Table de code 4.15 – Type de traitement spatial utilisé pour obtenir une certaine valeur à partir des données de base,255,,,Valeur manquante,,,
Table de code 4.16 – Valeur relative à la qualité associée au paramètre,0,,,Indice de confiance (voir la note 2),"Lorsqu'une valeur non manquante est utilisée dans cette table de code, la valeur initiale des données est une valeur relative à la qualité associée au paramètre défini par les octets 10 et 11 du modèle de définition du produit. La valeur initiale des données s'exprime sous la forme d'un nombre non dimensionnel compris entre 0 et 1, où 0 indique le degré zéro de confiance et 1, le degré maximal de confiance.",,
Table de code 4.16 – Valeur relative à la qualité associée au paramètre,1,,,Indicateur de qualité (voir la note 3 et la table de code 4.244),"Lorsqu'une valeur non manquante est utilisée dans cette table de code, la valeur initiale des données est une valeur relative à la qualité associée au paramètre défini par les octets 10 et 11 du modèle de définition du produit. La valeur initiale des données est définie dans la table de code 4.244.",,
Table de code 4.16 – Valeur relative à la qualité associée au paramètre,2,,,Corrélation entre le produit et le produit d'étalonnage utilisé (voir la note 4),"Lorsqu'une valeur non manquante est utilisée dans cette table de code, la valeur initiale des données est une valeur relative à la qualité associée au paramètre défini par les octets 10 et 11 du modèle de définition du produit. La valeur initiale des données s'exprime sous forme numérique non dimensionnelle sans unité.",,
Table de code 4.16 – Valeur relative à la qualité associée au paramètre,3,,,Écart-type (voir la note 5),"Lorsqu'une valeur non manquante est utilisée dans cette table de code, la valeur initiale des données est une valeur relative à la qualité associée au paramètre défini par les octets 10 et 11 du modèle de définition du produit. La valeur initiale des données s'exprime dans la même unité que le paramètre défini par les octets 10 et 11 du modèle de définition du produit.",,
Table de code 4.16 – Valeur relative à la qualité associée au paramètre,4,,,Erreur aléatoire (voir la note 5),"Lorsqu'une valeur non manquante est utilisée dans cette table de code, la valeur initiale des données est une valeur relative à la qualité associée au paramètre défini par les octets 10 et 11 du modèle de définition du produit. La valeur initiale des données s'exprime dans la même unité que le paramètre défini par les octets 10 et 11 du modèle de définition du produit.",,
Table de code 4.16 – Valeur relative à la qualité associée au paramètre,5-191,,,En réserve,,,
Table de code 4.16 – Valeur relative à la qualité associée au paramètre,192-254,,,En réserve pour un usage local,,,
Table de code 4.16 – Valeur relative à la qualité associée au paramètre,255,,,Valeur manquante,,,
Table de code 4.91 – Type d'intervalle,0,,,Inférieur à la première limite,,,
Table de code 4.91 – Type d'intervalle,1,,,Supérieur à la deuxième limite,,,
Table de code 4.91 – Type d'intervalle,2,,,Entre la première et la deuxième limite. L'intervalle comprend la première limite mais pas la deuxième,,,
Table de code 4.91 – Type d'intervalle,3,,,Supérieur à la première limite,,,
Table de code 4.91 – Type d'intervalle,4,,,Inférieur à la deuxième limite,,,
Table de code 4.91 – Type d'intervalle,5,,,Inférieur ou égal à la première limite,,,
Table de code 4.91 – Type d'intervalle,6,,,Supérieur ou égal à la deuxième limite,,,
Table de code 4.91 – Type d'intervalle,7,,,Entre la première et la deuxième limite. L'intervalle comprend la première et la deuxième limite,,,
Table de code 4.91 – Type d'intervalle,8,,,Supérieur ou égal à la première limite,,,
Table de code 4.91 – Type d'intervalle,9,,,Inférieur ou égal à la deuxième limite,,,
Table de code 4.91 – Type d'intervalle,10,,,Entre la première et la deuxième limite. L'intervalle comprend la deuxième limite mais pas la première,,,
Table de code 4.91 – Type d'intervalle,11,,,Égal à la première limite,,,
Table de code 4.91 – Type d'intervalle,12-191,,,En réserve,,,
Table de code 4.91 – Type d'intervalle,192-254,,,En réserve pour un usage local,,,
Table de code 4.91 – Type d'intervalle,255,,,Valeur manquante,,,
Table de code 4.201 – Type des précipitations,0,,,En réserve,,,
Table de code 4.201 – Type des précipitations,1,,,Pluie,,,
Table de code 4.201 – Type des précipitations,2,,,Orage,,,
Table de code 4.201 – Type des précipitations,3,,,Pluie se congelant,,,
Table de code 4.201 – Type des précipitations,4,,,Mêlées/glace,,,
Table de code 4.201 – Type des précipitations,5,,,Neige,,,
Table de code 4.201 – Type des précipitations,6,,,Neige mouillée,,,
Table de code 4.201 – Type des précipitations,7,,,Mélange de pluie et de neige,,,
Table de code 4.201 – Type des précipitations,8,,,Granules de glace,,,
Table de code 4.201 – Type des précipitations,9,,,Neige roulée,,,
Table de code 4.201 – Type des précipitations,10,,,Grêle,,,
Table de code 4.201 – Type des précipitations,11,,,Bruine,,,
Table de code 4.201 – Type des précipitations,12,,,Bruine se congelant,,,
Table de code 4.201 – Type des précipitations,13-191,,,En réserve,,,
Table de code 4.201 – Type des précipitations,192-254,,,En réserve pour un usage local,,,
Table de code 4.201 – Type des précipitations,255,,,Valeur manquante,,,
Table de code 4.202 – Catégorie de l'eau précipitable,0-191,,,En réserve,,,
Table de code 4.202 – Catégorie de l'eau précipitable,192-254,,,En réserve pour un usage local,,,
Table de code 4.202 – Catégorie de l'eau précipitable,255,,,Valeur manquante,,,
Table de code 4.203 – Type de nuage,0,,,Ciel clair,,,
Table de code 4.203 – Type de nuage,1,,,Cumulonimbus,,,
Table de code 4.203 – Type de nuage,2,,,Stratus,,,
Table de code 4.203 – Type de nuage,3,,,Stratocumulus,,,
Table de code 4.203 – Type de nuage,4,,,Cumulus,,,
Table de code 4.203 – Type de nuage,5,,,Altostratus,,,
Table de code 4.203 – Type de nuage,6,,,Nimbostratus,,,
Table de code 4.203 – Type de nuage,7,,,Altocumulus,,,
Table de code 4.203 – Type de nuage,8,,,Cirrostratus,,,
Table de code 4.203 – Type de nuage,9,,,Cirrocumulus,,,
Table de code 4.203 – Type de nuage,10,,,Cirrus,,,
Table de code 4.203 – Type de nuage,11,,,Cumulonimbus - brouillard au sol au-dessous de la couche la plus basse,Les chiffres du code 11 à 20 indiquent que les quatre couches sont spécifiées et que du brouillard au sol se situe au-dessous de la couche la plus basse.,,
Table de code 4.203 – Type de nuage,12,,,Stratus - brouillard au sol au-dessous de la couche la plus basse,Les chiffres du code 11 à 20 indiquent que les quatre couches sont spécifiées et que du brouillard au sol se situe au-dessous de la couche la plus basse.,,
Table de code 4.203 – Type de nuage,13,,,Stratocumulus - brouillard au sol au-dessous de la couche la plus basse,Les chiffres du code 11 à 20 indiquent que les quatre couches sont spécifiées et que du brouillard au sol se situe au-dessous de la couche la plus basse.,,
Table de code 4.203 – Type de nuage,14,,,Cumulus - brouillard au sol au-dessous de la couche la plus basse,Les chiffres du code 11 à 20 indiquent que les quatre couches sont spécifiées et que du brouillard au sol se situe au-dessous de la couche la plus basse.,,
Table de code 4.203 – Type de nuage,15,,,Altostratus - brouillard au sol au-dessous de la couche la plus basse,Les chiffres du code 11 à 20 indiquent que les quatre couches sont spécifiées et que du brouillard au sol se situe au-dessous de la couche la plus basse.,,
Table de code 4.203 – Type de nuage,16,,,Nimbostratus - brouillard au sol au-dessous de la couche la plus basse,Les chiffres du code 11 à 20 indiquent que les quatre couches sont spécifiées et que du brouillard au sol se situe au-dessous de la couche la plus basse.,,
Table de code 4.203 – Type de nuage,17,,,Altocumulus - brouillard au sol au-dessous de la couche la plus basse,Les chiffres du code 11 à 20 indiquent que les quatre couches sont spécifiées et que du brouillard au sol se situe au-dessous de la couche la plus basse.,,
Table de code 4.203 – Type de nuage,18,,,Cirrostratus - brouillard au sol au-dessous de la couche la plus basse,Les chiffres du code 11 à 20 indiquent que les quatre couches sont spécifiées et que du brouillard au sol se situe au-dessous de la couche la plus basse.,,
Table de code 4.203 – Type de nuage,19,,,Cirrocumulus - brouillard au sol au-dessous de la couche la plus basse,Les chiffres du code 11 à 20 indiquent que les quatre couches sont spécifiées et que du brouillard au sol se situe au-dessous de la couche la plus basse.,,
Table de code 4.203 – Type de nuage,20,,,Cirrus - brouillard au sol au-dessous de la couche la plus basse,Les chiffres du code 11 à 20 indiquent que les quatre couches sont spécifiées et que du brouillard au sol se situe au-dessous de la couche la plus basse.,,
Table de code 4.203 – Type de nuage,21-190,,,En réserve,,,
Table de code 4.203 – Type de nuage,191,,,Inconnu,,,
Table de code 4.203 – Type de nuage,192-254,,,En réserve pour un usage local,,,
Table de code 4.203 – Type de nuage,255,,,Valeur manquante,,,
Table de code 4.204 – Étendue des orages,0,,,Aucun,,,
Table de code 4.204 – Étendue des orages,1,,,Isolés (1 % - 2 %),,,
Table de code 4.204 – Étendue des orages,2,,,Peu nombreux (3 % - 5 %),,,
Table de code 4.204 – Étendue des orages,3,,,Épars (6 % - 45 %),,,
Table de code 4.204 – Étendue des orages,4,,,Nombreux (> 45 %),,,
Table de code 4.204 – Étendue des orages,5-191,,,En réserve,,,
Table de code 4.204 – Étendue des orages,192-254,,,En réserve pour un usage local,,,
Table de code 4.204 – Étendue des orages,255,,,Valeur manquante,,,
Table de code 4.205 – Présence d'aérosol,0,,,Absence d'aérosol,,,
Table de code 4.205 – Présence d'aérosol,1,,,Présence d'aérosol,,,
Table de code 4.205 – Présence d'aérosol,2-191,,,En réserve,,,
Table de code 4.205 – Présence d'aérosol,192-254,,,En réserve pour un usage local,,,
Table de code 4.205 – Présence d'aérosol,255,,,Valeur manquante,,,
Table de code 4.206 – Cendres volcaniques,0,,,Absence de cendres volcaniques,,,
Table de code 4.206 – Cendres volcaniques,1,,,Présence de cendres volcaniques,,,
Table de code 4.206 – Cendres volcaniques,2-191,,,En réserve,,,
Table de code 4.206 – Cendres volcaniques,192-254,,,En réserve pour un usage local,,,
Table de code 4.206 – Cendres volcaniques,255,,,Valeur manquante,,,
Table de code 4.207 – Givrage,0,,,Pas de givrage,,,
Table de code 4.207 – Givrage,1,,,Givrage faible,,,
Table de code 4.207 – Givrage,2,,,Givrage modéré,,,
Table de code 4.207 – Givrage,3,,,Givrage fort,,,
Table de code 4.207 – Givrage,4,,,Trace,,,
Table de code 4.207 – Givrage,5,,,Épais,,,
Table de code 4.207 – Givrage,6-191,,,En réserve,,,
Table de code 4.207 – Givrage,192-254,,,En réserve pour un usage local,,,
Table de code 4.207 – Givrage,255,,,Valeur manquante,,,
Table de code 4.208 – Turbulence,0,,,Pas de turbulence,,,
Table de code 4.208 – Turbulence,1,,,Turbulence faible,,,
Table de code 4.208 – Turbulence,2,,,Turbulence modérée,,,
Table de code 4.208 – Turbulence,3,,,Turbulence forte,,,
Table de code 4.208 – Turbulence,4,,,Turbulence extrême,,,
Table de code 4.208 – Turbulence,5-191,,,En réserve,,,
Table de code 4.208 – Turbulence,192-254,,,En réserve pour un usage local,,,
Table de code 4.208 – Turbulence,255,,,Valeur manquante,,,
Table de code 4.209 – Régime de la couche limite planétaire,0,,,En réserve,,,
Table de code 4.209 – Régime de la couche limite planétaire,1,,,Stable,,,
Table de code 4.209 – Régime de la couche limite planétaire,2,,,Turbulence d'origine mécanique,,,
Table de code 4.209 – Régime de la couche limite planétaire,3,,,Convection forcée,,,
Table de code 4.209 – Régime de la couche limite planétaire,4,,,Convection libre,,,
Table de code 4.209 – Régime de la couche limite planétaire,5-191,,,En réserve,,,
Table de code 4.209 – Régime de la couche limite planétaire,192-254,,,En réserve pour un usage local,,,
Table de code 4.209 – Régime de la couche limite planétaire,255,,,Valeur manquante,,,
Table de code 4.210 – Intensité des traînées de condensation,0,,,Absence de traînées de condensation,,,
Table de code 4.210 – Intensité des traînées de condensation,1,,,Présence de traînées de condensation,,,
Table de code 4.210 – Intensité des traînées de condensation,2-191,,,En réserve,,,
Table de code 4.210 – Intensité des traînées de condensation,192-254,,,En réserve pour un usage local,,,
Table de code 4.210 – Intensité des traînées de condensation,255,,,Valeur manquante,,,
Table de code 4.211 – Traînée de condensation selon le réacteur,0,,,Double flux (taux de dilution faible),,,
Table de code 4.211 – Traînée de condensation selon le réacteur,1,,,Double flux (taux de dilution élevé),,,
Table de code 4.211 – Traînée de condensation selon le réacteur,2,,,Sans double flux,,,
Table de code 4.211 – Traînée de condensation selon le réacteur,3-191,,,En réserve,,,
Table de code 4.211 – Traînée de condensation selon le réacteur,192-254,,,En réserve pour un usage local,,,
Table de code 4.211 – Traînée de condensation selon le réacteur,255,,,Valeur manquante,,,
Table de code 4.212 – Utilisation du sol,0,,,En réserve,,,
Table de code 4.212 – Utilisation du sol,1,,,Terrain urbain,,,
Table de code 4.212 – Utilisation du sol,2,,,Agriculture,,,
Table de code 4.212 – Utilisation du sol,3,,,Terrain de parcours,,,
Table de code 4.212 – Utilisation du sol,4,,,Forêt caducifoliée,,,
Table de code 4.212 – Utilisation du sol,5,,,Forêt de conifères,,,
Table de code 4.212 – Utilisation du sol,6,,,Forêt/marécage,,,
Table de code 4.212 – Utilisation du sol,7,,,Eau,,,
Table de code 4.212 – Utilisation du sol,8,,,Marécages,,,
Table de code 4.212 – Utilisation du sol,9,,,Désert,,,
Table de code 4.212 – Utilisation du sol,10,,,Toundra,,,
Table de code 4.212 – Utilisation du sol,11,,,Glace,,,
Table de code 4.212 – Utilisation du sol,12,,,Forêt tropicale,,,
Table de code 4.212 – Utilisation du sol,13,,,Savane,,,
Table de code 4.212 – Utilisation du sol,14-191,,,En réserve,,,
Table de code 4.212 – Utilisation du sol,192-254,,,En réserve pour un usage local,,,
Table de code 4.212 – Utilisation du sol,255,,,Valeur manquante,,,
Table de code 4.213 – Type de sol,0,,,En réserve,,,
Table de code 4.213 – Type de sol,1,,,Sable,,,
Table de code 4.213 – Type de sol,2,,,Sable limoneux,,,
Table de code 4.213 – Type de sol,3,,,Limon sableux,,,
Table de code 4.213 – Type de sol,4,,,Limon,,,
Table de code 4.213 – Type de sol,5,,,Sol organique (redéfini),,,
Table de code 4.213 – Type de sol,6,,,Limon sablo-argileux,,,
Table de code 4.213 – Type de sol,7,,,Limon fin argileux,,,
Table de code 4.213 – Type de sol,8,,,Limon argileux,,,
Table de code 4.213 – Type de sol,9,,,Argile sableuse,,,
Table de code 4.213 – Type de sol,10,,,Argile limoneuse,,,
Table de code 4.213 – Type de sol,11,,,Argile,,,
Table de code 4.213 – Type de sol,12-191,,,En réserve,,,
Table de code 4.213 – Type de sol,192-254,,,En réserve pour un usage local,,,
Table de code 4.213 – Type de sol,255,,,Valeur manquante,,,
Table de code 4.215 – Couverture neigeuse télédétectée,0-49,,,En réserve,,,
Table de code 4.215 – Couverture neigeuse télédétectée,50,,,Pas de neige/pas de nuage,,,
Table de code 4.215 – Couverture neigeuse télédétectée,51-99,,,En réserve,,,
Table de code 4.215 – Couverture neigeuse télédétectée,100,,,Nuages,,,
Table de code 4.215 – Couverture neigeuse télédétectée,101-249,,,En réserve,,,
Table de code 4.215 – Couverture neigeuse télédétectée,250,,,Neige,,,
Table de code 4.215 – Couverture neigeuse télédétectée,251-254,,,En réserve pour un usage local,,,
Table de code 4.215 – Couverture neigeuse télédétectée,255,,,Valeur manquante,,,
Table de code 4.216 – Altitude du terrain couvert de neige,0-90,,,Altitude par incréments de 100 m,,,
Table de code 4.216 – Altitude du terrain couvert de neige,91-253,,,En réserve,,,
Table de code 4.216 – Altitude du terrain couvert de neige,254,,,Nuages,,,
Table de code 4.216 – Altitude du terrain couvert de neige,255,,,Valeur manquante,,,
Table de code 4.217 – Type de masque de nuages,0,,,Ciel clair au-dessus de l'eau,,,
Table de code 4.217 – Type de masque de nuages,1,,,Ciel clair au-dessus des terres,,,
Table de code 4.217 – Type de masque de nuages,2,,,Nuages,,,
Table de code 4.217 – Type de masque de nuages,3,,,Aucune donnée,,,
Table de code 4.217 – Type de masque de nuages,4-191,,,En réserve,,,
Table de code 4.217 – Type de masque de nuages,192-254,,,En réserve pour un usage local,,,
Table de code 4.217 – Type de masque de nuages,255,,,Valeur manquante,,,
Table de code 4.218 – Type de scène formée de pixels,0,,,Aucune scène identifiée,,,
Table de code 4.218 – Type de scène formée de pixels,1,,,Forêt à feuillage aciculaire persistant,,,
Table de code 4.218 – Type de scène formée de pixels,2,,,Forêt à feuillage large persistant,,,
Table de code 4.218 – Type de scène formée de pixels,3,,,Forêt à feuillage aciculaire caduc,,,
Table de code 4.218 – Type de scène formée de pixels,4,,,Forêt à feuillage large caduc,,,
Table de code 4.218 – Type de scène formée de pixels,5,,,Forêt mélangée caduque,,,
Table de code 4.218 – Type de scène formée de pixels,6,,,Végétation arbustive dense,,,
Table de code 4.218 – Type de scène formée de pixels,7,,,Végétation arbustive claire,,,
Table de code 4.218 – Type de scène formée de pixels,8,,,Savane arborescente,,,
Table de code 4.218 – Type de scène formée de pixels,10,,,Prairie,,,
Table de code 4.218 – Type de scène formée de pixels,11,,,Zones humides permanentes,,,
Table de code 4.218 – Type de scène formée de pixels,12,,,Terres cultivées,,,
Table de code 4.218 – Type de scène formée de pixels,13,,,Zones urbaines,,,
Table de code 4.218 – Type de scène formée de pixels,14,,,Végétation ou cultures,,,
Table de code 4.218 – Type de scène formée de pixels,15,,,Neige éternelle ou glace pérenne,,,
Table de code 4.218 – Type de scène formée de pixels,16,,,Désert stérile,,,
Table de code 4.218 – Type de scène formée de pixels,17,,,Étendues d'eau,,,
Table de code 4.218 – Type de scène formée de pixels,18,,,Toundra,,,
Table de code 4.218 – Type de scène formée de pixels,19,,,Nuage chaud (eau liquide),,,
Table de code 4.218 – Type de scène formée de pixels,20,,,Nuage d'eau surfondue,,,
Table de code 4.218 – Type de scène formée de pixels,21,,,Nuage mixte,,,
Table de code 4.218 – Type de scène formée de pixels,22,,,Nuage glacé de faible épaisseur optique,,,
Table de code 4.218 – Type de scène formée de pixels,23,,,Nuage glacé de grande épaisseur optique,,,
Table de code 4.218 – Type de scène formée de pixels,24,,,Nuage multicouche,,,
Table de code 4.218 – Type de scène formée de pixels,25-96,,,En réserve,,,
Table de code 4.218 – Type de scène formée de pixels,97,,,Terres couvertes de neige ou de glace,,,
Table de code 4.218 – Type de scène formée de pixels,98,,,Eaux couvertes de neige ou de glace,,,
Table de code 4.218 – Type de scène formée de pixels,99,,,Reflet solaire,,,
Table de code 4.218 – Type de scène formée de pixels,100,,,Nuages,,,
Table de code 4.218 – Type de scène formée de pixels,101,,,Nuages bas/brouillard/stratus,,,
Table de code 4.218 – Type de scène formée de pixels,102,,,Nuages bas/stratocumulus,,,
Table de code 4.218 – Type de scène formée de pixels,103,,,Nuages bas/de type inconnu,,,
Table de code 4.218 – Type de scène formée de pixels,104,,,Nuages moyens/nimbostratus,,,
Table de code 4.218 – Type de scène formée de pixels,105,,,Nuages moyens/altostratus,,,
Table de code 4.218 – Type de scène formée de pixels,106,,,Nuages moyens/de type inconnu,,,
Table de code 4.218 – Type de scène formée de pixels,107,,,Nuages élevés/cumulus,,,
Table de code 4.218 – Type de scène formée de pixels,108,,,Nuages élevés/cirrus,,,
Table de code 4.218 – Type de scène formée de pixels,109,,,Nuages élevés/de type inconnu,,,
Table de code 4.218 – Type de scène formée de pixels,110,,,Nuages de type inconnu,,,
Table de code 4.218 – Type de scène formée de pixels,111,,,Nuage d'eau en couche unique,,,
Table de code 4.218 – Type de scène formée de pixels,112,,,Nuage glacé en couche unique,,,
Table de code 4.218 – Type de scène formée de pixels,113-191,,,En réserve,,,
Table de code 4.218 – Type de scène formée de pixels,192-254,,,En réserve pour un usage local,,,
Table de code 4.218 – Type de scène formée de pixels,255,,,Valeur manquante,,,
Table de code 4.219 – Indicateur de qualité – Altitude du sommet des nuages,0,,,Altitude du sommet des nuages de qualité nominale,,,
Table de code 4.219 – Indicateur de qualité – Altitude du sommet des nuages,1,,,Brouillard dans le segment,,,
Table de code 4.219 – Indicateur de qualité – Altitude du sommet des nuages,2,,,Estimation de l'altitude de mauvaise qualité,,,
Table de code 4.219 – Indicateur de qualité – Altitude du sommet des nuages,3,,,Brouillard dans le segment et estimation de l'altitude de mauvaise qualité,,,
Table de code 4.219 – Indicateur de qualité – Altitude du sommet des nuages,4-191,,,En réserve,,,
Table de code 4.219 – Indicateur de qualité – Altitude du sommet des nuages,192-254,,,En réserve pour un usage local,,,
Table de code 4.219 – Indicateur de qualité – Altitude du sommet des nuages,255,,,Valeur manquante,,,
Table de code 4.220 – Dimension horizontale calculée,0,,,Latitude,,,
Table de code 4.220 – Dimension horizontale calculée,1,,,Longitude,,,
Table de code 4.220 – Dimension horizontale calculée,2-191,,,En réserve,,,
Table de code 4.220 – Dimension horizontale calculée,192-254,,,En réserve pour un usage local,,,
Table de code 4.220 – Dimension horizontale calculée,255,,,Valeur manquante,,,
Table de code 4.221 – Traitement pour les données manquantes,0,,,Non inclus,,,
Table de code 4.221 – Traitement pour les données manquantes,1,,,Extrapolées,,,
Table de code 4.221 – Traitement pour les données manquantes,2-191,,,En réserve,,,
Table de code 4.221 – Traitement pour les données manquantes,192-254,,,En réserve pour un usage local,,,
Table de code 4.221 – Traitement pour les données manquantes,255,,,Valeur manquante,,,
Table de code 4.222 – Résultat catégoriel,0,,,Non,,,
Table de code 4.222 – Résultat catégoriel,1,,,Oui,,,
Table de code 4.222 – Résultat catégoriel,2-191,,,En réserve,,,
Table de code 4.222 – Résultat catégoriel,192-254,,,En réserve pour un usage local,,,
Table de code 4.222 – Résultat catégoriel,255,,,Valeur manquante,,,
Table de code 4.223 – Indicateur de détection d'incendies,0,,,Aucun incendie détecté,,,
Table de code 4.223 – Indicateur de détection d'incendies,1,,,Incendie possible,,,
Table de code 4.223 – Indicateur de détection d'incendies,2,,,Incendie probable,,,
Table de code 4.223 – Indicateur de détection d'incendies,3,,,Valeur manquante,,,
Table de code 4.224 – Perspective catégorielle,0,,,Zone présentant un risque nul,,,
Table de code 4.224 – Perspective catégorielle,1,,,En réserve,,,
Table de code 4.224 – Perspective catégorielle,2,,,Zone présentant un risque d'orage ordinaire,,,
Table de code 4.224 – Perspective catégorielle,3,,,En réserve,,,
Table de code 4.224 – Perspective catégorielle,4,,,Zone présentant un risque faible,,,
Table de code 4.224 – Perspective catégorielle,5,,,En réserve,,,
Table de code 4.224 – Perspective catégorielle,6,,,Zone présentant un risque modéré,,,
Table de code 4.224 – Perspective catégorielle,7,,,En réserve,,,
Table de code 4.224 – Perspective catégorielle,8,,,Zone présentant un risque élevé,,,
Table de code 4.224 – Perspective catégorielle,9-10,,,En réserve,,,
Table de code 4.224 – Perspective catégorielle,11,,,Zone présentant un risque d'orage (éclairs) sans précipitations,,,
Table de code 4.224 – Perspective catégorielle,12-13,,,En réserve,,,
Table de code 4.224 – Perspective catégorielle,14,,,Zone présentant un risque très important,,,
Table de code 4.224 – Perspective catégorielle,15-17,,,En réserve,,,
Table de code 4.224 – Perspective catégorielle,18,,,Zone présentant un risque extrêmement important,,,
Table de code 4.224 – Perspective catégorielle,19-254,,,En réserve,,,
Table de code 4.224 – Perspective catégorielle,255,,,Valeur manquante,,,
Table de code 4.227 – Scénario de givrage (classification temps/nuages),0,,,Aucun,,,
Table de code 4.227 – Scénario de givrage (classification temps/nuages),1,,,Général,,,
Table de code 4.227 – Scénario de givrage (classification temps/nuages),2,,,Convectif,,,
Table de code 4.227 – Scénario de givrage (classification temps/nuages),3,,,Stratiforme,,,
Table de code 4.227 – Scénario de givrage (classification temps/nuages),4,,,Givrant,,,
Table de code 4.227 – Scénario de givrage (classification temps/nuages),5-191,,,En réserve,,,
Table de code 4.227 – Scénario de givrage (classification temps/nuages),192-254,,,En réserve pour un usage local,,,
Table de code 4.227 – Scénario de givrage (classification temps/nuages),255,,,Valeur manquante,,,
Table de code 4.234 – Fraction de couvert forestier (à utiliser comme paramètre partitionné dans le modèle de définition du produit 4.53 ou 4.54),1,,,"Cultures, agriculture mixte",,,
Table de code 4.234 – Fraction de couvert forestier (à utiliser comme paramètre partitionné dans le modèle de définition du produit 4.53 ou 4.54),2,,,Herbe rase,,,
Table de code 4.234 – Fraction de couvert forestier (à utiliser comme paramètre partitionné dans le modèle de définition du produit 4.53 ou 4.54),3,,,Conifères à feuillage persistant,,,
Table de code 4.234 – Fraction de couvert forestier (à utiliser comme paramètre partitionné dans le modèle de définition du produit 4.53 ou 4.54),4,,,Conifères à feuillage caduc,,,
Table de code 4.234 – Fraction de couvert forestier (à utiliser comme paramètre partitionné dans le modèle de définition du produit 4.53 ou 4.54),5,,,Feuillus à feuillage caduc,,,
Table de code 4.234 – Fraction de couvert forestier (à utiliser comme paramètre partitionné dans le modèle de définition du produit 4.53 ou 4.54),6,,,Feuillus à feuillage persistant,,,
Table de code 4.234 – Fraction de couvert forestier (à utiliser comme paramètre partitionné dans le modèle de définition du produit 4.53 ou 4.54),7,,,Herbe haute,,,
Table de code 4.234 – Fraction de couvert forestier (à utiliser comme paramètre partitionné dans le modèle de définition du produit 4.53 ou 4.54),8,,,Désert,,,
Table de code 4.234 – Fraction de couvert forestier (à utiliser comme paramètre partitionné dans le modèle de définition du produit 4.53 ou 4.54),9,,,Toundra,,,
Table de code 4.234 – Fraction de couvert forestier (à utiliser comme paramètre partitionné dans le modèle de définition du produit 4.53 ou 4.54),10,,,Cultures irriguées,,,
Table de code 4.234 – Fraction de couvert forestier (à utiliser comme paramètre partitionné dans le modèle de définition du produit 4.53 ou 4.54),11,,,Semi-désert,,,
Table de code 4.234 – Fraction de couvert forestier (à utiliser comme paramètre partitionné dans le modèle de définition du produit 4.53 ou 4.54),12,,,Calottes glaciaires et glaciers,,,
Table de code 4.234 – Fraction de couvert forestier (à utiliser comme paramètre partitionné dans le modèle de définition du produit 4.53 ou 4.54),13,,,Tourbières et marécages,,,
Table de code 4.234 – Fraction de couvert forestier (à utiliser comme paramètre partitionné dans le modèle de définition du produit 4.53 ou 4.54),14,,,Eaux continentales,,,
Table de code 4.234 – Fraction de couvert forestier (à utiliser comme paramètre partitionné dans le modèle de définition du produit 4.53 ou 4.54),15,,,Océan,,,
Table de code 4.234 – Fraction de couvert forestier (à utiliser comme paramètre partitionné dans le modèle de définition du produit 4.53 ou 4.54),16,,,Arbustes à feuillage persistant,,,
Table de code 4.234 – Fraction de couvert forestier (à utiliser comme paramètre partitionné dans le modèle de définition du produit 4.53 ou 4.54),17,,,Arbustes à feuillage caduc,,,
Table de code 4.234 – Fraction de couvert forestier (à utiliser comme paramètre partitionné dans le modèle de définition du produit 4.53 ou 4.54),18,,,Forêt mixte,,,
Table de code 4.234 – Fraction de couvert forestier (à utiliser comme paramètre partitionné dans le modèle de définition du produit 4.53 ou 4.54),19,,,Forêt intermittente,,,
Table de code 4.234 – Fraction de couvert forestier (à utiliser comme paramètre partitionné dans le modèle de définition du produit 4.53 ou 4.54),20,,,Zone mixte (terrestre et aquatique),,,
Table de code 4.236 – Fraction de texture du sol (à utiliser comme paramètre partitionné dans le modèle de définition du produit 4.53 ou 4.54),1,,,Grossière,,,
Table de code 4.236 – Fraction de texture du sol (à utiliser comme paramètre partitionné dans le modèle de définition du produit 4.53 ou 4.54),2,,,Moyenne,,,
Table de code 4.236 – Fraction de texture du sol (à utiliser comme paramètre partitionné dans le modèle de définition du produit 4.53 ou 4.54),3,,,Moyenne à fine,,,
Table de code 4.236 – Fraction de texture du sol (à utiliser comme paramètre partitionné dans le modèle de définition du produit 4.53 ou 4.54),4,,,Fine,,,
Table de code 4.236 – Fraction de texture du sol (à utiliser comme paramètre partitionné dans le modèle de définition du produit 4.53 ou 4.54),5,,,Très fine,,,
Table de code 4.236 – Fraction de texture du sol (à utiliser comme paramètre partitionné dans le modèle de définition du produit 4.53 ou 4.54),6,,,Organique,,,
Table de code 4.236 – Fraction de texture du sol (à utiliser comme paramètre partitionné dans le modèle de définition du produit 4.53 ou 4.54),7,,,Tropicale-organique,,,
Table de code 4.238 – Source ou puits,0,,,En réserve,,,
Table de code 4.238 – Source ou puits,1,,,Aéronautique,,,
Table de code 4.238 – Source ou puits,2,,,Éclair,,,
Table de code 4.238 – Source ou puits,3,,,Sources biogéniques,,,
Table de code 4.238 – Source ou puits,4,,,Sources anthropiques,,,
Table de code 4.238 – Source ou puits,5,,,Feux incontrôlés,,,
Table de code 4.238 – Source ou puits,6,,,Sources naturelles,,,
Table de code 4.238 – Source ou puits,7,,,Volcans,,,
Table de code 4.238 – Source ou puits,8,,,Biocombustibles,,,
Table de code 4.238 – Source ou puits,9,,,Combustibles fossiles,,,
Table de code 4.238 – Source ou puits,10,,,Zones humides,,,
Table de code 4.238 – Source ou puits,11,,,Océans,,,
Table de code 4.238 – Source ou puits,12-191,,,En réserve,,,
Table de code 4.238 – Source ou puits,192-254,,,En réserve pour un usage local,,,
Table de code 4.238 – Source ou puits,255,,,Valeur manquante,,,
Table de code 4.240 - Type de distribution,0,,,Aucune précision fournie sur la fonction de distribution,,
Table de code 4.240 - Type de distribution,1,,,Fonctions delta - concentration variable dans l'espace et diamètres fixes Dᵢ (p1) en mètres,(voir la note 1),mètres
Table de code 4.240 - Type de distribution,2,,,Fonctions delta – concentration variable dans l'espace et masses fixes Mᵢ (p1) en kg,(voir la note 2),kg
Table de code 4.240 - Type de distribution,3,,,"Loi normale (de Gauss) - concentration variable dans l'espace et diamètre moyen Dᵢ (p1), et variance σ (p2) fixes",(voir la note 3),
Table de code 4.240 - Type de distribution,4,,,"Loi normale (de Gauss) - concentration, diamètre moyen et variance variables dans l'espace",(voir la note 4),
Table de code 4.240 - Type de distribution,5,,,"Distribution log-normale - concentration en nombre, diamètre moyen et variance variables dans l'espace",(voir la note 5),
Table de code 4.240 - Type de distribution,6,,,Distribution log-normale - concentration en nombre et diamètre moyen variables dans l'espace et variance σ (p1) fixe,(voir la note 6),
Table de code 4.240 - Type de distribution,7,,,"Distribution log-normale - concentrations en nombre et en masse variables dans l'espace, variance σ fixe (p1) et concentration de particules ρ (p2) fixe",(voir la note 7),
Table de code 4.240 - Type de distribution,8,,,Pas de fonction de distribution. La variable codée est obtenue à partir de variables qui se caractérisent par une fonction de distribution de type N° 7 (voir ci-dessus) avec une variance σ fixe (p1) et une concentration de particules fixe ρ (p2),,
Table de code 4.240 - Type de distribution,9-49151,,,En réserve,,
Table de code 4.240 - Type de distribution,49152-65534,,,En réserve pour un usage local,,
Table de code 4.240 - Type de distribution,65535,,,Valeur manquante,,
Table de code 4.241 - Caractéristique de la couverture,0,,,Valeur indéfinie,,
Table de code 4.241 - Caractéristique de la couverture,1,,,Valeur inchangée,,
Table de code 4.241 - Caractéristique de la couverture,2,,,Surface couverte de neige,,
Table de code 4.241 - Caractéristique de la couverture,3,,,Surface inondée,,
Table de code 4.241 - Caractéristique de la couverture,4,,,Surface couverte de glace,,
Table de code 4.241 - Caractéristique de la couverture,5-191,,,En réserve,,
Table de code 4.241 - Caractéristique de la couverture,192-254,,,En réserve pour un usage local,,
Table de code 4.241 - Caractéristique de la couverture,255,,,Valeur manquante,,
Table de code 4.242 - Classification des dalles,0,,,En réserve,,
Table de code 4.242 - Classification des dalles,1,,,Classes d'occupation des sols selon le programme GlobCover GCV2009 de l'ESA,,
Table de code 4.242 - Classification des dalles,2,,,Classes d'occupation des sols selon le programme GLC2000 de la Commission européenne sur l'occupation des sols à l'échelle mondiale,,
Table de code 4.242 - Classification des dalles,3-191,,,En réserve,,
Table de code 4.242 - Classification des dalles,192-254,,,En réserve pour un usage local,,
Table de code 4.242 - Classification des dalles,255,,,Valeur manquante,,
Table de code 4.243 - Classe de dalle,0,,,En réserve,,
Table de code 4.243 - Classe de dalle,1,,,Forêt: arbres à larges feuilles persistantes,,
Table de code 4.243 - Classe de dalle,2,,,Forêt fermée: arbres à larges feuilles caduques,,
Table de code 4.243 - Classe de dalle,3,,,Forêt ouverte: arbres à larges feuilles caduques,,
Table de code 4.243 - Classe de dalle,4,,,Forêt: conifères à feuillage persistant,,
Table de code 4.243 - Classe de dalle,5,,,Forêt: conifères à feuillage caduc,,
Table de code 4.243 - Classe de dalle,6,,,Forêt mixte,,
Table de code 4.243 - Classe de dalle,7,,,Zone humide arborée (eau douce),,
Table de code 4.243 - Classe de dalle,8,,,Zone humide arborée (eau salée),,
Table de code 4.243 - Classe de dalle,9,,,Mosaïque: couverture forestière et autres végétations naturelles,,
Table de code 4.243 - Classe de dalle,10,,,Couverture forestière brûlée,,
Table de code 4.243 - Classe de dalle,11,,,"Arbustes à feuillage persistant, couverture fermée à ouverte",,
Table de code 4.243 - Classe de dalle,12,,,"Arbustes à feuillage caduc, couverture fermée à ouverte",,
Table de code 4.243 - Classe de dalle,13,,,"Couverture herbacée, fermée à ouverte",,
Table de code 4.243 - Classe de dalle,14,,,Couverture herbacée clairsemée,,
Table de code 4.243 - Classe de dalle,15,,,Couverture arbustive ou herbacée inondée,,
Table de code 4.243 - Classe de dalle,16,,,Surfaces cultivées et gérées,,
Table de code 4.243 - Classe de dalle,17,,,Mosaïque: terres cultivées/couverture forestière/autres végétations naturelles,,
Table de code 4.243 - Classe de dalle,18,,,Mosaïque: terres cultivées/couverture arbustive/couverture herbacée,,
Table de code 4.243 - Classe de dalle,19,,,Surfaces dénudées,,
Table de code 4.243 - Classe de dalle,20,,,Eau,,
Table de code 4.243 - Classe de dalle,21,,,Neige et glace,,
Table de code 4.243 - Classe de dalle,22,,,Surface artificielle,,
Table de code 4.243 - Classe de dalle,23,,,Océan,,
Table de code 4.243 - Classe de dalle,24,,,Terres cultivées irriguées,,
Table de code 4.243 - Classe de dalle,25,,,Terres cultivées non irriguées,,
Table de code 4.243 - Classe de dalle,26,,,Mosaïque: terres cultivées (de 50 à 70 %) – végétation naturelle (de 20 à 50 %),,
Table de code 4.243 - Classe de dalle,27,,,Mosaïque: végétation naturelle (de 50 à 70 %) – terres cultivées (de 20 à 50 %),,
Table de code 4.243 - Classe de dalle,28,,,Forêt sempervirente fermée de feuillus,,
Table de code 4.243 - Classe de dalle,29,,,Forêt sempervirente fermée de conifères,,
Table de code 4.243 - Classe de dalle,30,,,Forêt décidue ouverte de conifères,,
Table de code 4.243 - Classe de dalle,31,,,Forêt mixte de feuillus et de conifères,,
Table de code 4.243 - Classe de dalle,32,,,Mosaïque: couverture arbustive (de 50 à 70 %) – couverture herbacée (de 20 à 50 %),,
Table de code 4.243 - Classe de dalle,33,,,Mosaïque: couverture herbacée (de 50 à 70 %) – couverture arbustive (de 20 à 50 %),,
Table de code 4.243 - Classe de dalle,34,,,Couverture arbustive fermée à ouverte,,
Table de code 4.243 - Classe de dalle,35,,,Végétation clairsemée,,
Table de code 4.243 - Classe de dalle,36,,,"Forêt fermée à ouverte, régulièrement inondée",,
Table de code 4.243 - Classe de dalle,37,,,"Forêt ou couverture arbustive fermée, inondée en permanence",,
Table de code 4.243 - Classe de dalle,38,,,"Couverture herbacée fermée à ouverte, régulièrement inondée",,
Table de code 4.243 - Classe de dalle,39,,,Valeur indéfinie,,
Table de code 4.243 - Classe de dalle,40-32767,,,En réserve,,
Table de code 4.243 - Classe de dalle,32768-,,,En réserve pour un usage local,,
Table de code 4.244 - Indicateur de qualité,0,,,Aucune information disponible sur la qualité,,
Table de code 4.244 - Indicateur de qualité,1,,,Échec,,
Table de code 4.244 - Indicateur de qualité,2,,,Accepté,,
Table de code 4.244 - Indicateur de qualité,3-191,,,En réserve,,
Table de code 4.244 - Indicateur de qualité,192-254,,,En réserve pour un usage local,,
Table de code 4.244 - Indicateur de qualité,255,,,Valeur manquante,,